[
{
  "model": "webapp.user",
  "pk": 1,
  "fields": {
    "email": "tiborchers@uc.cl",
    "password": "123456",
    "name": "Tom\u00e1s",
    "lastName": "Borchers",
    "nickName": "Borcho",
    "photo": "https://steamcdn-a.akamaihd.net/steamcommunity/public/images/avatars/11/11e22b61895c554eabda697ce0b703c5bbaeaf6b_full.jpg"
  }
},
{
  "model": "webapp.user",
  "pk": 2,
  "fields": {
    "email": "fmluque@uc.cl",
    "password": "123456",
    "name": "Florencia",
    "lastName": "Luque",
    "nickName": "Flo",
    "photo": null
  }
},
{
  "model": "webapp.ingredient",
  "pk": 1,
  "fields": {
    "name": "Sal",
    "photo": null,
    "generalIngredient": null
  }
},
{
  "model": "webapp.ingredient",
  "pk": 2,
  "fields": {
    "name": "Az\u00facar",
    "photo": null,
    "generalIngredient": null
  }
},
{
  "model": "webapp.ingredient",
  "pk": 3,
  "fields": {
    "name": "Pimienta",
    "photo": null,
    "generalIngredient": null
  }
},
{
  "model": "webapp.ingredient",
  "pk": 4,
  "fields": {
    "name": "Aj\u00ed de color",
    "photo": null,
    "generalIngredient": null
  }
},
{
  "model": "webapp.ingredient",
  "pk": 5,
  "fields": {
    "name": "Harina",
    "photo": null,
    "generalIngredient": null
  }
},
{
  "model": "webapp.ingredient",
  "pk": 6,
  "fields": {
    "name": "Leche",
    "photo": null,
    "generalIngredient": null
  }
},
{
  "model": "webapp.ingredient",
  "pk": 7,
  "fields": {
    "name": "Huevo",
    "photo": null,
    "generalIngredient": null
  }
},
{
  "model": "webapp.ingredient",
  "pk": 8,
  "fields": {
    "name": "Polvo de hornear",
    "photo": null,
    "generalIngredient": null
  }
},
{
  "model": "webapp.ingredient",
  "pk": 9,
  "fields": {
    "name": "Esencia de vainilla",
    "photo": null,
    "generalIngredient": null
  }
},
{
  "model": "webapp.ingredient",
  "pk": 10,
  "fields": {
    "name": "Or\u00e9gano",
    "photo": null,
    "generalIngredient": null
  }
},
{
  "model": "webapp.ingredient",
  "pk": 11,
  "fields": {
    "name": "Arroz",
    "photo": null,
    "generalIngredient": null
  }
},
{
  "model": "webapp.ingredient",
  "pk": 12,
  "fields": {
    "name": "Curry",
    "photo": null,
    "generalIngredient": null
  }
},
{
  "model": "webapp.ingredient",
  "pk": 13,
  "fields": {
    "name": "Miel de abeja",
    "photo": null,
    "generalIngredient": null
  }
},
{
  "model": "webapp.ingredient",
  "pk": 14,
  "fields": {
    "name": "Miel",
    "photo": null,
    "generalIngredient": null
  }
},
{
  "model": "webapp.ingredient",
  "pk": 15,
  "fields": {
    "name": "Ketchup",
    "photo": null,
    "generalIngredient": null
  }
},
{
  "model": "webapp.ingredient",
  "pk": 16,
  "fields": {
    "name": "Mayonesa",
    "photo": null,
    "generalIngredient": null
  }
},
{
  "model": "webapp.ingredient",
  "pk": 17,
  "fields": {
    "name": "Salsa de soya",
    "photo": null,
    "generalIngredient": null
  }
},
{
  "model": "webapp.ingredient",
  "pk": 18,
  "fields": {
    "name": "Jengibre",
    "photo": null,
    "generalIngredient": null
  }
},
{
  "model": "webapp.ingredient",
  "pk": 19,
  "fields": {
    "name": "Jengibre en polvo",
    "photo": null,
    "generalIngredient": null
  }
},
{
  "model": "webapp.ingredient",
  "pk": 20,
  "fields": {
    "name": "Ajo",
    "photo": null,
    "generalIngredient": null
  }
},
{
  "model": "webapp.ingredient",
  "pk": 21,
  "fields": {
    "name": "Ajo en polvo",
    "photo": null,
    "generalIngredient": null
  }
},
{
  "model": "webapp.ingredient",
  "pk": 22,
  "fields": {
    "name": "Aceite",
    "photo": null,
    "generalIngredient": null
  }
},
{
  "model": "webapp.ingredient",
  "pk": 23,
  "fields": {
    "name": "Aceite de Oliva",
    "photo": null,
    "generalIngredient": null
  }
},
{
  "model": "webapp.ingredient",
  "pk": 24,
  "fields": {
    "name": "Harina de ma\u00edz",
    "photo": null,
    "generalIngredient": null
  }
},
{
  "model": "webapp.ingredient",
  "pk": 25,
  "fields": {
    "name": "Aceite de coco",
    "photo": null,
    "generalIngredient": null
  }
},
{
  "model": "webapp.ingredient",
  "pk": 26,
  "fields": {
    "name": "Mostaza",
    "photo": null,
    "generalIngredient": null
  }
},
{
  "model": "webapp.ingredient",
  "pk": 27,
  "fields": {
    "name": "Man\u00ed",
    "photo": null,
    "generalIngredient": null
  }
},
{
  "model": "webapp.ingredient",
  "pk": 28,
  "fields": {
    "name": "Almendras",
    "photo": null,
    "generalIngredient": null
  }
},
{
  "model": "webapp.ingredient",
  "pk": 29,
  "fields": {
    "name": "Nueces",
    "photo": null,
    "generalIngredient": null
  }
},
{
  "model": "webapp.ingredient",
  "pk": 30,
  "fields": {
    "name": "Queso crema",
    "photo": null,
    "generalIngredient": null
  }
},
{
  "model": "webapp.ingredient",
  "pk": 31,
  "fields": {
    "name": "Queso mantecoso",
    "photo": null,
    "generalIngredient": null
  }
},
{
  "model": "webapp.ingredient",
  "pk": 32,
  "fields": {
    "name": "Queso roquefort",
    "photo": null,
    "generalIngredient": null
  }
},
{
  "model": "webapp.ingredient",
  "pk": 33,
  "fields": {
    "name": "Queso parmesano",
    "photo": null,
    "generalIngredient": null
  }
},
{
  "model": "webapp.ingredient",
  "pk": 34,
  "fields": {
    "name": "Queso Azul",
    "photo": null,
    "generalIngredient": null
  }
},
{
  "model": "webapp.ingredient",
  "pk": 35,
  "fields": {
    "name": "Queso chanco",
    "photo": null,
    "generalIngredient": null
  }
},
{
  "model": "webapp.ingredient",
  "pk": 36,
  "fields": {
    "name": "Queso de cabra",
    "photo": null,
    "generalIngredient": null
  }
},
{
  "model": "webapp.ingredient",
  "pk": 37,
  "fields": {
    "name": "Leche de Cabra",
    "photo": null,
    "generalIngredient": null
  }
},
{
  "model": "webapp.ingredient",
  "pk": 38,
  "fields": {
    "name": "Mantequilla",
    "photo": null,
    "generalIngredient": null
  }
},
{
  "model": "webapp.ingredient",
  "pk": 39,
  "fields": {
    "name": "Manteca",
    "photo": null,
    "generalIngredient": null
  }
},
{
  "model": "webapp.ingredient",
  "pk": 40,
  "fields": {
    "name": "Nuez moscada",
    "photo": null,
    "generalIngredient": null
  }
},
{
  "model": "webapp.ingredient",
  "pk": 41,
  "fields": {
    "name": "Alas de Pollo",
    "photo": null,
    "generalIngredient": null
  }
},
{
  "model": "webapp.ingredient",
  "pk": 42,
  "fields": {
    "name": "Trutro de pollo",
    "photo": null,
    "generalIngredient": null
  }
},
{
  "model": "webapp.ingredient",
  "pk": 43,
  "fields": {
    "name": "Comino",
    "photo": null,
    "generalIngredient": null
  }
},
{
  "model": "webapp.ingredient",
  "pk": 44,
  "fields": {
    "name": "Sal gruesa",
    "photo": null,
    "generalIngredient": null
  }
},
{
  "model": "webapp.ingredient",
  "pk": 45,
  "fields": {
    "name": "Sal de Mar",
    "photo": null,
    "generalIngredient": null
  }
},
{
  "model": "webapp.ingredient",
  "pk": 46,
  "fields": {
    "name": "Cebolla",
    "photo": null,
    "generalIngredient": null
  }
},
{
  "model": "webapp.ingredient",
  "pk": 47,
  "fields": {
    "name": "Cebolla Morada",
    "photo": null,
    "generalIngredient": null
  }
},
{
  "model": "webapp.ingredient",
  "pk": 48,
  "fields": {
    "name": "Cilantro",
    "photo": null,
    "generalIngredient": null
  }
},
{
  "model": "webapp.ingredient",
  "pk": 49,
  "fields": {
    "name": "Ceboll\u00edn",
    "photo": null,
    "generalIngredient": null
  }
},
{
  "model": "webapp.ingredient",
  "pk": 50,
  "fields": {
    "name": "Ciboullete",
    "photo": null,
    "generalIngredient": null
  }
},
{
  "model": "webapp.ingredient",
  "pk": 51,
  "fields": {
    "name": "Perejil",
    "photo": null,
    "generalIngredient": null
  }
},
{
  "model": "webapp.ingredient",
  "pk": 52,
  "fields": {
    "name": "Tomate",
    "photo": null,
    "generalIngredient": null
  }
},
{
  "model": "webapp.ingredient",
  "pk": 53,
  "fields": {
    "name": "Crema",
    "photo": null,
    "generalIngredient": null
  }
},
{
  "model": "webapp.ingredient",
  "pk": 54,
  "fields": {
    "name": "Arroz basmati",
    "photo": null,
    "generalIngredient": null
  }
},
{
  "model": "webapp.ingredient",
  "pk": 55,
  "fields": {
    "name": "Vinagre",
    "photo": null,
    "generalIngredient": null
  }
},
{
  "model": "webapp.ingredient",
  "pk": 56,
  "fields": {
    "name": "Vinagre de manzana",
    "photo": null,
    "generalIngredient": null
  }
},
{
  "model": "webapp.ingredient",
  "pk": 57,
  "fields": {
    "name": "Vinagre de vino tinto",
    "photo": null,
    "generalIngredient": null
  }
},
{
  "model": "webapp.ingredient",
  "pk": 58,
  "fields": {
    "name": "Vinagre de vino blanco",
    "photo": null,
    "generalIngredient": null
  }
},
{
  "model": "webapp.ingredient",
  "pk": 59,
  "fields": {
    "name": "Aceto bals\u00e1mico",
    "photo": null,
    "generalIngredient": null
  }
},
{
  "model": "webapp.ingredient",
  "pk": 60,
  "fields": {
    "name": "Leche condensada",
    "photo": null,
    "generalIngredient": null
  }
},
{
  "model": "webapp.ingredient",
  "pk": 61,
  "fields": {
    "name": "Leche evaporada",
    "photo": null,
    "generalIngredient": null
  }
},
{
  "model": "webapp.ingredient",
  "pk": 62,
  "fields": {
    "name": "Caf\u00e9 en polvo",
    "photo": null,
    "generalIngredient": null
  }
},
{
  "model": "webapp.ingredient",
  "pk": 63,
  "fields": {
    "name": "Amaretto",
    "photo": null,
    "generalIngredient": null
  }
},
{
  "model": "webapp.ingredient",
  "pk": 64,
  "fields": {
    "name": "Pisco",
    "photo": null,
    "generalIngredient": null
  }
},
{
  "model": "webapp.ingredient",
  "pk": 65,
  "fields": {
    "name": "Ron",
    "photo": null,
    "generalIngredient": null
  }
},
{
  "model": "webapp.ingredient",
  "pk": 66,
  "fields": {
    "name": "Ron blanco",
    "photo": null,
    "generalIngredient": null
  }
},
{
  "model": "webapp.ingredient",
  "pk": 67,
  "fields": {
    "name": "Licor de caf\u00e9",
    "photo": null,
    "generalIngredient": null
  }
},
{
  "model": "webapp.ingredient",
  "pk": 68,
  "fields": {
    "name": "Licor de banana",
    "photo": null,
    "generalIngredient": null
  }
},
{
  "model": "webapp.ingredient",
  "pk": 69,
  "fields": {
    "name": "Malib\u00fa",
    "photo": null,
    "generalIngredient": null
  }
},
{
  "model": "webapp.ingredient",
  "pk": 70,
  "fields": {
    "name": "Licor de menta",
    "photo": null,
    "generalIngredient": null
  }
},
{
  "model": "webapp.ingredient",
  "pk": 71,
  "fields": {
    "name": "Cura\u00e7ao",
    "photo": null,
    "generalIngredient": null
  }
},
{
  "model": "webapp.ingredient",
  "pk": 72,
  "fields": {
    "name": "Licor de manzana",
    "photo": null,
    "generalIngredient": null
  }
},
{
  "model": "webapp.ingredient",
  "pk": 73,
  "fields": {
    "name": "Esencia de menta",
    "photo": null,
    "generalIngredient": null
  }
},
{
  "model": "webapp.ingredient",
  "pk": 74,
  "fields": {
    "name": "Esencia de almendra",
    "photo": null,
    "generalIngredient": null
  }
},
{
  "model": "webapp.ingredient",
  "pk": 75,
  "fields": {
    "name": "Licor de almendra",
    "photo": null,
    "generalIngredient": null
  }
},
{
  "model": "webapp.ingredient",
  "pk": 76,
  "fields": {
    "name": "Cerveza",
    "photo": null,
    "generalIngredient": null
  }
},
{
  "model": "webapp.ingredient",
  "pk": 77,
  "fields": {
    "name": "Cerveza IPA",
    "photo": null,
    "generalIngredient": null
  }
},
{
  "model": "webapp.ingredient",
  "pk": 78,
  "fields": {
    "name": "Cerveza Stout",
    "photo": null,
    "generalIngredient": null
  }
},
{
  "model": "webapp.ingredient",
  "pk": 79,
  "fields": {
    "name": "Tequila",
    "photo": null,
    "generalIngredient": null
  }
},
{
  "model": "webapp.ingredient",
  "pk": 80,
  "fields": {
    "name": "Cognac",
    "photo": null,
    "generalIngredient": null
  }
},
{
  "model": "webapp.ingredient",
  "pk": 81,
  "fields": {
    "name": "Palta",
    "photo": null,
    "generalIngredient": null
  }
},
{
  "model": "webapp.ingredient",
  "pk": 82,
  "fields": {
    "name": "Papas",
    "photo": null,
    "generalIngredient": null
  }
},
{
  "model": "webapp.ingredient",
  "pk": 83,
  "fields": {
    "name": "Papas hilo",
    "photo": null,
    "generalIngredient": null
  }
},
{
  "model": "webapp.ingredient",
  "pk": 84,
  "fields": {
    "name": "Papas fritas en bolsa",
    "photo": null,
    "generalIngredient": null
  }
},
{
  "model": "webapp.ingredient",
  "pk": 85,
  "fields": {
    "name": "Apio",
    "photo": null,
    "generalIngredient": null
  }
},
{
  "model": "webapp.ingredient",
  "pk": 86,
  "fields": {
    "name": "Lechuga",
    "photo": null,
    "generalIngredient": null
  }
},
{
  "model": "webapp.ingredient",
  "pk": 87,
  "fields": {
    "name": "Repollo",
    "photo": null,
    "generalIngredient": null
  }
},
{
  "model": "webapp.ingredient",
  "pk": 88,
  "fields": {
    "name": "Repollo morado",
    "photo": null,
    "generalIngredient": null
  }
},
{
  "model": "webapp.ingredient",
  "pk": 89,
  "fields": {
    "name": "Camar\u00f3n",
    "photo": null,
    "generalIngredient": null
  }
},
{
  "model": "webapp.ingredient",
  "pk": 90,
  "fields": {
    "name": "Lim\u00f3n",
    "photo": null,
    "generalIngredient": null
  }
},
{
  "model": "webapp.ingredient",
  "pk": 91,
  "fields": {
    "name": "Manzana",
    "photo": null,
    "generalIngredient": null
  }
},
{
  "model": "webapp.ingredient",
  "pk": 92,
  "fields": {
    "name": "Manzana fuji",
    "photo": null,
    "generalIngredient": null
  }
},
{
  "model": "webapp.ingredient",
  "pk": 93,
  "fields": {
    "name": "Manzana verde",
    "photo": null,
    "generalIngredient": null
  }
},
{
  "model": "webapp.ingredient",
  "pk": 94,
  "fields": {
    "name": "Pera",
    "photo": null,
    "generalIngredient": null
  }
},
{
  "model": "webapp.ingredient",
  "pk": 95,
  "fields": {
    "name": "Frutilla",
    "photo": null,
    "generalIngredient": null
  }
},
{
  "model": "webapp.ingredient",
  "pk": 96,
  "fields": {
    "name": "Frambuesa",
    "photo": null,
    "generalIngredient": null
  }
},
{
  "model": "webapp.ingredient",
  "pk": 97,
  "fields": {
    "name": "Ar\u00e1ndano",
    "photo": null,
    "generalIngredient": null
  }
},
{
  "model": "webapp.ingredient",
  "pk": 98,
  "fields": {
    "name": "Naranja",
    "photo": null,
    "generalIngredient": null
  }
},
{
  "model": "webapp.ingredient",
  "pk": 99,
  "fields": {
    "name": "Mandarina",
    "photo": null,
    "generalIngredient": null
  }
},
{
  "model": "webapp.ingredient",
  "pk": 100,
  "fields": {
    "name": "Pomelo",
    "photo": null,
    "generalIngredient": null
  }
},
{
  "model": "webapp.ingredient",
  "pk": 101,
  "fields": {
    "name": "Lim\u00f3n de pica",
    "photo": null,
    "generalIngredient": null
  }
},
{
  "model": "webapp.ingredient",
  "pk": 102,
  "fields": {
    "name": "Mango",
    "photo": null,
    "generalIngredient": null
  }
},
{
  "model": "webapp.ingredient",
  "pk": 103,
  "fields": {
    "name": "Maracuy\u00e1",
    "photo": null,
    "generalIngredient": null
  }
},
{
  "model": "webapp.ingredient",
  "pk": 104,
  "fields": {
    "name": "Ciruela",
    "photo": null,
    "generalIngredient": null
  }
},
{
  "model": "webapp.ingredient",
  "pk": 105,
  "fields": {
    "name": "Cereza",
    "photo": null,
    "generalIngredient": null
  }
},
{
  "model": "webapp.ingredient",
  "pk": 106,
  "fields": {
    "name": "Durazno",
    "photo": null,
    "generalIngredient": null
  }
},
{
  "model": "webapp.ingredient",
  "pk": 107,
  "fields": {
    "name": "Damasco",
    "photo": null,
    "generalIngredient": null
  }
},
{
  "model": "webapp.ingredient",
  "pk": 108,
  "fields": {
    "name": "Mote",
    "photo": null,
    "generalIngredient": null
  }
},
{
  "model": "webapp.ingredient",
  "pk": 109,
  "fields": {
    "name": "Huesillo",
    "photo": null,
    "generalIngredient": null
  }
},
{
  "model": "webapp.ingredient",
  "pk": 110,
  "fields": {
    "name": "Zanahoria",
    "photo": null,
    "generalIngredient": null
  }
},
{
  "model": "webapp.ingredient",
  "pk": 111,
  "fields": {
    "name": "Eneldo",
    "photo": null,
    "generalIngredient": null
  }
},
{
  "model": "webapp.ingredient",
  "pk": 112,
  "fields": {
    "name": "Laurel",
    "photo": null,
    "generalIngredient": null
  }
},
{
  "model": "webapp.ingredient",
  "pk": 113,
  "fields": {
    "name": "S\u00e9samo",
    "photo": null,
    "generalIngredient": null
  }
},
{
  "model": "webapp.ingredient",
  "pk": 114,
  "fields": {
    "name": "Az\u00facar morena",
    "photo": null,
    "generalIngredient": null
  }
},
{
  "model": "webapp.ingredient",
  "pk": 115,
  "fields": {
    "name": "Bicarbonato de sodio",
    "photo": null,
    "generalIngredient": null
  }
},
{
  "model": "webapp.ingredient",
  "pk": 116,
  "fields": {
    "name": "Gochujang",
    "photo": null,
    "generalIngredient": null
  }
},
{
  "model": "webapp.ingredient",
  "pk": 117,
  "fields": {
    "name": "Choclo",
    "photo": null,
    "generalIngredient": null
  }
},
{
  "model": "webapp.ingredient",
  "pk": 118,
  "fields": {
    "name": "Pechuga de pollo",
    "photo": null,
    "generalIngredient": null
  }
},
{
  "model": "webapp.ingredient",
  "pk": 119,
  "fields": {
    "name": "Pollo entero",
    "photo": null,
    "generalIngredient": null
  }
},
{
  "model": "webapp.ingredient",
  "pk": 120,
  "fields": {
    "name": "Filete de pollo",
    "photo": null,
    "generalIngredient": null
  }
},
{
  "model": "webapp.ingredient",
  "pk": 121,
  "fields": {
    "name": "Trutro de pavo",
    "photo": null,
    "generalIngredient": null
  }
},
{
  "model": "webapp.ingredient",
  "pk": 122,
  "fields": {
    "name": "Costilla de pavo",
    "photo": null,
    "generalIngredient": null
  }
},
{
  "model": "webapp.ingredient",
  "pk": 123,
  "fields": {
    "name": "Pavo entero",
    "photo": null,
    "generalIngredient": null
  }
},
{
  "model": "webapp.ingredient",
  "pk": 124,
  "fields": {
    "name": "Carne molida",
    "photo": null,
    "generalIngredient": null
  }
},
{
  "model": "webapp.ingredient",
  "pk": 125,
  "fields": {
    "name": "Hamburguesa",
    "photo": null,
    "generalIngredient": null
  }
},
{
  "model": "webapp.ingredient",
  "pk": 126,
  "fields": {
    "name": "At\u00fan en lata",
    "photo": null,
    "generalIngredient": null
  }
},
{
  "model": "webapp.ingredient",
  "pk": 127,
  "fields": {
    "name": "Jurel en lata",
    "photo": null,
    "generalIngredient": null
  }
},
{
  "model": "webapp.ingredient",
  "pk": 128,
  "fields": {
    "name": "Filete de at\u00fan",
    "photo": null,
    "generalIngredient": null
  }
},
{
  "model": "webapp.ingredient",
  "pk": 129,
  "fields": {
    "name": "Filete de reineta",
    "photo": null,
    "generalIngredient": null
  }
},
{
  "model": "webapp.ingredient",
  "pk": 130,
  "fields": {
    "name": "Filete de salm\u00f3n",
    "photo": null,
    "generalIngredient": null
  }
},
{
  "model": "webapp.ingredient",
  "pk": 131,
  "fields": {
    "name": "Filete de albacora",
    "photo": null,
    "generalIngredient": null
  }
},
{
  "model": "webapp.ingredient",
  "pk": 132,
  "fields": {
    "name": "Filete de blanquillo",
    "photo": null,
    "generalIngredient": null
  }
},
{
  "model": "webapp.ingredient",
  "pk": 133,
  "fields": {
    "name": "Macha",
    "photo": null,
    "generalIngredient": null
  }
},
{
  "model": "webapp.ingredient",
  "pk": 134,
  "fields": {
    "name": "Almeja",
    "photo": null,
    "generalIngredient": null
  }
},
{
  "model": "webapp.ingredient",
  "pk": 135,
  "fields": {
    "name": "Chorito",
    "photo": null,
    "generalIngredient": null
  }
},
{
  "model": "webapp.ingredient",
  "pk": 136,
  "fields": {
    "name": "Albahaca",
    "photo": null,
    "generalIngredient": null
  }
},
{
  "model": "webapp.ingredient",
  "pk": 137,
  "fields": {
    "name": "Sriracha",
    "photo": null,
    "generalIngredient": null
  }
},
{
  "model": "webapp.ingredient",
  "pk": 138,
  "fields": {
    "name": "Chorizo",
    "photo": null,
    "generalIngredient": null
  }
},
{
  "model": "webapp.ingredient",
  "pk": 139,
  "fields": {
    "name": "Prieta",
    "photo": null,
    "generalIngredient": null
  }
},
{
  "model": "webapp.ingredient",
  "pk": 140,
  "fields": {
    "name": "Yogurt natural",
    "photo": null,
    "generalIngredient": null
  }
},
{
  "model": "webapp.ingredient",
  "pk": 141,
  "fields": {
    "name": "Yogurt de vainilla",
    "photo": null,
    "generalIngredient": null
  }
},
{
  "model": "webapp.ingredient",
  "pk": 142,
  "fields": {
    "name": "Yogurt de frutilla",
    "photo": null,
    "generalIngredient": null
  }
},
{
  "model": "webapp.ingredient",
  "pk": 143,
  "fields": {
    "name": "Yogurt de durazno",
    "photo": null,
    "generalIngredient": null
  }
},
{
  "model": "webapp.ingredient",
  "pk": 144,
  "fields": {
    "name": "Yogurt de damasco",
    "photo": null,
    "generalIngredient": null
  }
},
{
  "model": "webapp.ingredient",
  "pk": 145,
  "fields": {
    "name": "Yogurt de pi\u00f1a",
    "photo": null,
    "generalIngredient": null
  }
},
{
  "model": "webapp.ingredient",
  "pk": 146,
  "fields": {
    "name": "Yogurt de chirimoya",
    "photo": null,
    "generalIngredient": null
  }
},
{
  "model": "webapp.ingredient",
  "pk": 147,
  "fields": {
    "name": "Pi\u00f1a",
    "photo": null,
    "generalIngredient": null
  }
},
{
  "model": "webapp.ingredient",
  "pk": 148,
  "fields": {
    "name": "Chirimoya",
    "photo": null,
    "generalIngredient": null
  }
},
{
  "model": "webapp.ingredient",
  "pk": 149,
  "fields": {
    "name": "Pepino",
    "photo": null,
    "generalIngredient": null
  }
},
{
  "model": "webapp.ingredient",
  "pk": 150,
  "fields": {
    "name": "Pepino (fruta)",
    "photo": null,
    "generalIngredient": null
  }
},
{
  "model": "webapp.ingredient",
  "pk": 151,
  "fields": {
    "name": "Canela",
    "photo": null,
    "generalIngredient": null
  }
},
{
  "model": "webapp.ingredient",
  "pk": 152,
  "fields": {
    "name": "Charchas (vacuno)",
    "photo": null,
    "generalIngredient": null
  }
},
{
  "model": "webapp.ingredient",
  "pk": 153,
  "fields": {
    "name": "Charchas (cerdo)",
    "photo": null,
    "generalIngredient": null
  }
},
{
  "model": "webapp.ingredient",
  "pk": 154,
  "fields": {
    "name": "Huachalomo",
    "photo": null,
    "generalIngredient": null
  }
},
{
  "model": "webapp.ingredient",
  "pk": 155,
  "fields": {
    "name": "Cogote",
    "photo": null,
    "generalIngredient": null
  }
},
{
  "model": "webapp.ingredient",
  "pk": 156,
  "fields": {
    "name": "Lomo vetado",
    "photo": null,
    "generalIngredient": null
  }
},
{
  "model": "webapp.ingredient",
  "pk": 157,
  "fields": {
    "name": "Choclillo",
    "photo": null,
    "generalIngredient": null
  }
},
{
  "model": "webapp.ingredient",
  "pk": 158,
  "fields": {
    "name": "Lomo liso",
    "photo": null,
    "generalIngredient": null
  }
},
{
  "model": "webapp.ingredient",
  "pk": 159,
  "fields": {
    "name": "Asado carnicero",
    "photo": null,
    "generalIngredient": null
  }
},
{
  "model": "webapp.ingredient",
  "pk": 160,
  "fields": {
    "name": "Asado de tira",
    "photo": null,
    "generalIngredient": null
  }
},
{
  "model": "webapp.ingredient",
  "pk": 161,
  "fields": {
    "name": "Asiento picana",
    "photo": null,
    "generalIngredient": null
  }
},
{
  "model": "webapp.ingredient",
  "pk": 162,
  "fields": {
    "name": "Filete",
    "photo": null,
    "generalIngredient": null
  }
},
{
  "model": "webapp.ingredient",
  "pk": 163,
  "fields": {
    "name": "Entra\u00f1a",
    "photo": null,
    "generalIngredient": null
  }
},
{
  "model": "webapp.ingredient",
  "pk": 164,
  "fields": {
    "name": "Abastero",
    "photo": null,
    "generalIngredient": null
  }
},
{
  "model": "webapp.ingredient",
  "pk": 165,
  "fields": {
    "name": "Osobuco",
    "photo": null,
    "generalIngredient": null
  }
},
{
  "model": "webapp.ingredient",
  "pk": 166,
  "fields": {
    "name": "Malaya (Vacuno)",
    "photo": null,
    "generalIngredient": null
  }
},
{
  "model": "webapp.ingredient",
  "pk": 167,
  "fields": {
    "name": "Palanca",
    "photo": null,
    "generalIngredient": null
  }
},
{
  "model": "webapp.ingredient",
  "pk": 168,
  "fields": {
    "name": "Posta paleta",
    "photo": null,
    "generalIngredient": null
  }
},
{
  "model": "webapp.ingredient",
  "pk": 169,
  "fields": {
    "name": "Punta de Ganso",
    "photo": null,
    "generalIngredient": null
  }
},
{
  "model": "webapp.ingredient",
  "pk": 170,
  "fields": {
    "name": "Posta negra",
    "photo": null,
    "generalIngredient": null
  }
},
{
  "model": "webapp.ingredient",
  "pk": 171,
  "fields": {
    "name": "Posta rosada",
    "photo": null,
    "generalIngredient": null
  }
},
{
  "model": "webapp.ingredient",
  "pk": 172,
  "fields": {
    "name": "Tapapecho",
    "photo": null,
    "generalIngredient": null
  }
},
{
  "model": "webapp.ingredient",
  "pk": 173,
  "fields": {
    "name": "Sobrecostilla",
    "photo": null,
    "generalIngredient": null
  }
},
{
  "model": "webapp.ingredient",
  "pk": 174,
  "fields": {
    "name": "Plateada",
    "photo": null,
    "generalIngredient": null
  }
},
{
  "model": "webapp.ingredient",
  "pk": 175,
  "fields": {
    "name": "Tapabarriga",
    "photo": null,
    "generalIngredient": null
  }
},
{
  "model": "webapp.ingredient",
  "pk": 176,
  "fields": {
    "name": "Maicena",
    "photo": null,
    "generalIngredient": null
  }
},
{
  "model": "webapp.ingredient",
  "pk": 177,
  "fields": {
    "name": "Granadina",
    "photo": null,
    "generalIngredient": null
  }
},
{
  "model": "webapp.ingredient",
  "pk": 178,
  "fields": {
    "name": "Jugo de pi\u00f1a",
    "photo": null,
    "generalIngredient": null
  }
},
{
  "model": "webapp.ingredient",
  "pk": 179,
  "fields": {
    "name": "Jugo de naranja",
    "photo": null,
    "generalIngredient": null
  }
},
{
  "model": "webapp.ingredient",
  "pk": 180,
  "fields": {
    "name": "Jugo de durazno",
    "photo": null,
    "generalIngredient": null
  }
},
{
  "model": "webapp.ingredient",
  "pk": 181,
  "fields": {
    "name": "Jugo de damasco",
    "photo": null,
    "generalIngredient": null
  }
},
{
  "model": "webapp.ingredient",
  "pk": 182,
  "fields": {
    "name": "Jugo de frambuesa",
    "photo": null,
    "generalIngredient": null
  }
},
{
  "model": "webapp.ingredient",
  "pk": 183,
  "fields": {
    "name": "Jugo de maracuy\u00e1",
    "photo": null,
    "generalIngredient": null
  }
},
{
  "model": "webapp.ingredient",
  "pk": 184,
  "fields": {
    "name": "Jugo de manzana",
    "photo": null,
    "generalIngredient": null
  }
},
{
  "model": "webapp.ingredient",
  "pk": 185,
  "fields": {
    "name": "Cointreau",
    "photo": null,
    "generalIngredient": null
  }
},
{
  "model": "webapp.ingredient",
  "pk": 186,
  "fields": {
    "name": "Triple sec",
    "photo": null,
    "generalIngredient": null
  }
},
{
  "model": "webapp.ingredient",
  "pk": 187,
  "fields": {
    "name": "Vino tinto",
    "photo": null,
    "generalIngredient": null
  }
},
{
  "model": "webapp.ingredient",
  "pk": 188,
  "fields": {
    "name": "Vino blanco",
    "photo": null,
    "generalIngredient": null
  }
},
{
  "model": "webapp.ingredient",
  "pk": 189,
  "fields": {
    "name": "Mel\u00f3n tuna",
    "photo": null,
    "generalIngredient": null
  }
},
{
  "model": "webapp.ingredient",
  "pk": 190,
  "fields": {
    "name": "Mel\u00f3n Calame\u00f1o",
    "photo": null,
    "generalIngredient": null
  }
},
{
  "model": "webapp.ingredient",
  "pk": 191,
  "fields": {
    "name": "Hielo",
    "photo": null,
    "generalIngredient": null
  }
},
{
  "model": "webapp.ingredient",
  "pk": 192,
  "fields": {
    "name": "Agua",
    "photo": null,
    "generalIngredient": null
  }
},
{
  "model": "webapp.ingredient",
  "pk": 193,
  "fields": {
    "name": "Whiskey",
    "photo": null,
    "generalIngredient": null
  }
},
{
  "model": "webapp.ingredient",
  "pk": 194,
  "fields": {
    "name": "Bailey's",
    "photo": null,
    "generalIngredient": null
  }
},
{
  "model": "webapp.ingredient",
  "pk": 195,
  "fields": {
    "name": "Pepperoni",
    "photo": null,
    "generalIngredient": null
  }
},
{
  "model": "webapp.ingredient",
  "pk": 196,
  "fields": {
    "name": "Salame",
    "photo": null,
    "generalIngredient": null
  }
},
{
  "model": "webapp.ingredient",
  "pk": 197,
  "fields": {
    "name": "Coca - Cola",
    "photo": null,
    "generalIngredient": null
  }
},
{
  "model": "webapp.ingredient",
  "pk": 198,
  "fields": {
    "name": "Fanta",
    "photo": null,
    "generalIngredient": null
  }
},
{
  "model": "webapp.ingredient",
  "pk": 199,
  "fields": {
    "name": "Sprite",
    "photo": null,
    "generalIngredient": null
  }
},
{
  "model": "webapp.ingredient",
  "pk": 200,
  "fields": {
    "name": "Salsa de tomate",
    "photo": null,
    "generalIngredient": null
  }
},
{
  "model": "webapp.ingredient",
  "pk": 201,
  "fields": {
    "name": "Chocolate de leche",
    "photo": null,
    "generalIngredient": null
  }
},
{
  "model": "webapp.ingredient",
  "pk": 202,
  "fields": {
    "name": "Chocolate amargo",
    "photo": null,
    "generalIngredient": null
  }
},
{
  "model": "webapp.ingredient",
  "pk": 203,
  "fields": {
    "name": "Leche de Coco",
    "photo": null,
    "generalIngredient": null
  }
},
{
  "model": "webapp.ingredient",
  "pk": 204,
  "fields": {
    "name": "Chocolate blanco",
    "photo": null,
    "generalIngredient": null
  }
},
{
  "model": "webapp.ingredient",
  "pk": 205,
  "fields": {
    "name": "Chocolate amargo en polvo",
    "photo": null,
    "generalIngredient": null
  }
},
{
  "model": "webapp.ingredient",
  "pk": 206,
  "fields": {
    "name": "Chocolate dulce en polvo",
    "photo": null,
    "generalIngredient": null
  }
},
{
  "model": "webapp.ingredient",
  "pk": 207,
  "fields": {
    "name": "Manjar",
    "photo": null,
    "generalIngredient": null
  }
},
{
  "model": "webapp.ingredient",
  "pk": 208,
  "fields": {
    "name": "Membrillo",
    "photo": null,
    "generalIngredient": null
  }
},
{
  "model": "webapp.ingredient",
  "pk": 209,
  "fields": {
    "name": "Dulce de membrillo",
    "photo": null,
    "generalIngredient": null
  }
},
{
  "model": "webapp.ingredient",
  "pk": 210,
  "fields": {
    "name": "Mermelada",
    "photo": null,
    "generalIngredient": null
  }
},
{
  "model": "webapp.ingredient",
  "pk": 211,
  "fields": {
    "name": "Mermelada de frutilla",
    "photo": null,
    "generalIngredient": null
  }
},
{
  "model": "webapp.ingredient",
  "pk": 212,
  "fields": {
    "name": "Mermelada de frambuesa",
    "photo": null,
    "generalIngredient": null
  }
},
{
  "model": "webapp.ingredient",
  "pk": 213,
  "fields": {
    "name": "Mermelada de ciruela",
    "photo": null,
    "generalIngredient": null
  }
},
{
  "model": "webapp.ingredient",
  "pk": 214,
  "fields": {
    "name": "Mermelada de manzana",
    "photo": null,
    "generalIngredient": null
  }
},
{
  "model": "webapp.ingredient",
  "pk": 215,
  "fields": {
    "name": "Champi\u00f1on",
    "photo": null,
    "generalIngredient": null
  }
},
{
  "model": "webapp.ingredient",
  "pk": 216,
  "fields": {
    "name": "Aj\u00ed rocoto",
    "photo": null,
    "generalIngredient": null
  }
},
{
  "model": "webapp.ingredient",
  "pk": 217,
  "fields": {
    "name": "Aj\u00ed verde",
    "photo": null,
    "generalIngredient": null
  }
},
{
  "model": "webapp.ingredient",
  "pk": 218,
  "fields": {
    "name": "Aj\u00ed amarillo",
    "photo": null,
    "generalIngredient": null
  }
},
{
  "model": "webapp.ingredient",
  "pk": 219,
  "fields": {
    "name": "Crema de aj\u00ed",
    "photo": null,
    "generalIngredient": null
  }
},
{
  "model": "webapp.ingredient",
  "pk": 220,
  "fields": {
    "name": "Aj\u00ed jalape\u00f1o",
    "photo": null,
    "generalIngredient": null
  }
},
{
  "model": "webapp.ingredient",
  "pk": 221,
  "fields": {
    "name": "Helado de vainilla",
    "photo": null,
    "generalIngredient": null
  }
},
{
  "model": "webapp.ingredient",
  "pk": 222,
  "fields": {
    "name": "Helado",
    "photo": null,
    "generalIngredient": null
  }
},
{
  "model": "webapp.ingredient",
  "pk": 223,
  "fields": {
    "name": "Helado de chocolate",
    "photo": null,
    "generalIngredient": null
  }
},
{
  "model": "webapp.ingredient",
  "pk": 224,
  "fields": {
    "name": "Helado de frutilla",
    "photo": null,
    "generalIngredient": null
  }
},
{
  "model": "webapp.ingredient",
  "pk": 225,
  "fields": {
    "name": "Helado de pi\u00f1a",
    "photo": null,
    "generalIngredient": null
  }
},
{
  "model": "webapp.ingredient",
  "pk": 226,
  "fields": {
    "name": "Pepinillo",
    "photo": null,
    "generalIngredient": null
  }
},
{
  "model": "webapp.ingredient",
  "pk": 227,
  "fields": {
    "name": "Filete de merluza",
    "photo": null,
    "generalIngredient": null
  }
},
{
  "model": "webapp.ingredient",
  "pk": 228,
  "fields": {
    "name": "Filete de congrio",
    "photo": null,
    "generalIngredient": null
  }
},
{
  "model": "webapp.ingredient",
  "pk": 229,
  "fields": {
    "name": "Pan rallado",
    "photo": null,
    "generalIngredient": null
  }
},
{
  "model": "webapp.ingredient",
  "pk": 230,
  "fields": {
    "name": "Panko",
    "photo": null,
    "generalIngredient": null
  }
},
{
  "model": "webapp.ingredient",
  "pk": 231,
  "fields": {
    "name": "Gin",
    "photo": null,
    "generalIngredient": null
  }
},
{
  "model": "webapp.ingredient",
  "pk": 232,
  "fields": {
    "name": "Jugo de lim\u00f3n",
    "photo": null,
    "generalIngredient": null
  }
},
{
  "model": "webapp.ingredient",
  "pk": 233,
  "fields": {
    "name": "J\u00e4germeister",
    "photo": null,
    "generalIngredient": null
  }
},
{
  "model": "webapp.ingredient",
  "pk": 234,
  "fields": {
    "name": "Vodka",
    "photo": null,
    "generalIngredient": null
  }
},
{
  "model": "webapp.ingredient",
  "pk": 235,
  "fields": {
    "name": "Goma",
    "photo": null,
    "generalIngredient": null
  }
},
{
  "model": "webapp.ingredient",
  "pk": 236,
  "fields": {
    "name": "Bebida energ\u00e9tica",
    "photo": null,
    "generalIngredient": null
  }
},
{
  "model": "webapp.ingredient",
  "pk": 237,
  "fields": {
    "name": "T\u00e9",
    "photo": null,
    "generalIngredient": null
  }
},
{
  "model": "webapp.ingredient",
  "pk": 238,
  "fields": {
    "name": "T\u00e9 verde",
    "photo": null,
    "generalIngredient": null
  }
},
{
  "model": "webapp.ingredient",
  "pk": 239,
  "fields": {
    "name": "Agua t\u00f3nica",
    "photo": null,
    "generalIngredient": null
  }
},
{
  "model": "webapp.ingredient",
  "pk": 240,
  "fields": {
    "name": "Cachaza",
    "photo": null,
    "generalIngredient": null
  }
},
{
  "model": "webapp.ingredient",
  "pk": 241,
  "fields": {
    "name": "Fetuccini",
    "photo": null,
    "generalIngredient": null
  }
},
{
  "model": "webapp.ingredient",
  "pk": 242,
  "fields": {
    "name": "Spaghetti",
    "photo": null,
    "generalIngredient": null
  }
},
{
  "model": "webapp.ingredient",
  "pk": 243,
  "fields": {
    "name": "Ravioli",
    "photo": null,
    "generalIngredient": null
  }
},
{
  "model": "webapp.ingredient",
  "pk": 244,
  "fields": {
    "name": "Caracoles",
    "photo": null,
    "generalIngredient": null
  }
},
{
  "model": "webapp.ingredient",
  "pk": 245,
  "fields": {
    "name": "\u00d1oquis",
    "photo": null,
    "generalIngredient": null
  }
},
{
  "model": "webapp.ingredient",
  "pk": 246,
  "fields": {
    "name": "Cabellos de \u00e1ngel",
    "photo": null,
    "generalIngredient": null
  }
},
{
  "model": "webapp.ingredient",
  "pk": 247,
  "fields": {
    "name": "T\u00e9 matcha",
    "photo": null,
    "generalIngredient": null
  }
},
{
  "model": "webapp.ingredient",
  "pk": 248,
  "fields": {
    "name": "Lentejas",
    "photo": null,
    "generalIngredient": null
  }
},
{
  "model": "webapp.ingredient",
  "pk": 249,
  "fields": {
    "name": "Porotos",
    "photo": null,
    "generalIngredient": null
  }
},
{
  "model": "webapp.ingredient",
  "pk": 250,
  "fields": {
    "name": "Garbanzos",
    "photo": null,
    "generalIngredient": null
  }
},
{
  "model": "webapp.ingredient",
  "pk": 251,
  "fields": {
    "name": "Zapallo",
    "photo": null,
    "generalIngredient": null
  }
},
{
  "model": "webapp.ingredient",
  "pk": 252,
  "fields": {
    "name": "Porotos verdes",
    "photo": null,
    "generalIngredient": null
  }
},
{
  "model": "webapp.ingredient",
  "pk": 253,
  "fields": {
    "name": "Porotos negros",
    "photo": null,
    "generalIngredient": null
  }
},
{
  "model": "webapp.ingredient",
  "pk": 254,
  "fields": {
    "name": "Pl\u00e1tano",
    "photo": null,
    "generalIngredient": null
  }
},
{
  "model": "webapp.ingredient",
  "pk": 255,
  "fields": {
    "name": "Dientes de drag\u00f3n",
    "photo": null,
    "generalIngredient": null
  }
},
{
  "model": "webapp.ingredient",
  "pk": 256,
  "fields": {
    "name": "Br\u00f3coli",
    "photo": null,
    "generalIngredient": null
  }
},
{
  "model": "webapp.ingredient",
  "pk": 257,
  "fields": {
    "name": "Coliflor",
    "photo": null,
    "generalIngredient": null
  }
},
{
  "model": "webapp.ingredient",
  "pk": 258,
  "fields": {
    "name": "Queso cheddar",
    "photo": null,
    "generalIngredient": null
  }
},
{
  "model": "webapp.ingredient",
  "pk": 259,
  "fields": {
    "name": "Queso americano",
    "photo": null,
    "generalIngredient": null
  }
},
{
  "model": "webapp.ingredient",
  "pk": 260,
  "fields": {
    "name": "Habas",
    "photo": null,
    "generalIngredient": null
  }
},
{
  "model": "webapp.ingredient",
  "pk": 261,
  "fields": {
    "name": "Kale",
    "photo": null,
    "generalIngredient": null
  }
},
{
  "model": "webapp.ingredient",
  "pk": 262,
  "fields": {
    "name": "Salchicha espa\u00f1ola",
    "photo": null,
    "generalIngredient": null
  }
},
{
  "model": "webapp.ingredient",
  "pk": 263,
  "fields": {
    "name": "Jam\u00f3n",
    "photo": null,
    "generalIngredient": null
  }
},
{
  "model": "webapp.ingredient",
  "pk": 264,
  "fields": {
    "name": "Jam\u00f3n de pavo",
    "photo": null,
    "generalIngredient": null
  }
},
{
  "model": "webapp.ingredient",
  "pk": 265,
  "fields": {
    "name": "Jam\u00f3n de pollo",
    "photo": null,
    "generalIngredient": null
  }
},
{
  "model": "webapp.ingredient",
  "pk": 266,
  "fields": {
    "name": "Jam\u00f3n serrano",
    "photo": null,
    "generalIngredient": null
  }
},
{
  "model": "webapp.ingredient",
  "pk": 267,
  "fields": {
    "name": "Tocino",
    "photo": null,
    "generalIngredient": null
  }
},
{
  "model": "webapp.ingredient",
  "pk": 268,
  "fields": {
    "name": "Mortadela",
    "photo": null,
    "generalIngredient": null
  }
},
{
  "model": "webapp.ingredient",
  "pk": 269,
  "fields": {
    "name": "Margarina",
    "photo": null,
    "generalIngredient": null
  }
},
{
  "model": "webapp.ingredient",
  "pk": 270,
  "fields": {
    "name": "L\u00e1minas de lasa\u00f1a",
    "photo": null,
    "generalIngredient": null
  }
},
{
  "model": "webapp.ingredient",
  "pk": 271,
  "fields": {
    "name": "Aceituna negra",
    "photo": null,
    "generalIngredient": null
  }
},
{
  "model": "webapp.ingredient",
  "pk": 272,
  "fields": {
    "name": "Aceituna verde",
    "photo": null,
    "generalIngredient": null
  }
},
{
  "model": "webapp.ingredient",
  "pk": 273,
  "fields": {
    "name": "Pasas",
    "photo": null,
    "generalIngredient": null
  }
},
{
  "model": "webapp.ingredient",
  "pk": 274,
  "fields": {
    "name": "Nuez de caj\u00fan",
    "photo": null,
    "generalIngredient": null
  }
},
{
  "model": "webapp.ingredient",
  "pk": 275,
  "fields": {
    "name": "Piment\u00f3n rojo",
    "photo": null,
    "generalIngredient": null
  }
},
{
  "model": "webapp.ingredient",
  "pk": 276,
  "fields": {
    "name": "Piment\u00f3n verde",
    "photo": null,
    "generalIngredient": null
  }
},
{
  "model": "webapp.ingredient",
  "pk": 277,
  "fields": {
    "name": "Piment\u00f3n amarillo",
    "photo": null,
    "generalIngredient": null
  }
},
{
  "model": "webapp.ingredient",
  "pk": 278,
  "fields": {
    "name": "Lengua de vaca",
    "photo": null,
    "generalIngredient": null
  }
},
{
  "model": "webapp.ingredient",
  "pk": 279,
  "fields": {
    "name": "Ubre",
    "photo": null,
    "generalIngredient": null
  }
},
{
  "model": "webapp.ingredient",
  "pk": 280,
  "fields": {
    "name": "Panita",
    "photo": null,
    "generalIngredient": null
  }
},
{
  "model": "webapp.ingredient",
  "pk": 281,
  "fields": {
    "name": "Guatitas",
    "photo": null,
    "generalIngredient": null
  }
},
{
  "model": "webapp.ingredient",
  "pk": 282,
  "fields": {
    "name": "Chunchules",
    "photo": null,
    "generalIngredient": null
  }
},
{
  "model": "webapp.ingredient",
  "pk": 283,
  "fields": {
    "name": "Arveja",
    "photo": null,
    "generalIngredient": null
  }
},
{
  "model": "webapp.ingredient",
  "pk": 284,
  "fields": {
    "name": "Filete de corvina",
    "photo": null,
    "generalIngredient": null
  }
},
{
  "model": "webapp.ingredient",
  "pk": 285,
  "fields": {
    "name": "Filete de trucha",
    "photo": null,
    "generalIngredient": null
  }
},
{
  "model": "webapp.ingredient",
  "pk": 286,
  "fields": {
    "name": "Menta",
    "photo": null,
    "generalIngredient": null
  }
},
{
  "model": "webapp.ingredient",
  "pk": 287,
  "fields": {
    "name": "Berros",
    "photo": null,
    "generalIngredient": null
  }
},
{
  "model": "webapp.ingredient",
  "pk": 288,
  "fields": {
    "name": "Crema \u00e1cida",
    "photo": null,
    "generalIngredient": null
  }
},
{
  "model": "webapp.ingredient",
  "pk": 289,
  "fields": {
    "name": "Queso provolone",
    "photo": null,
    "generalIngredient": null
  }
},
{
  "model": "webapp.ingredient",
  "pk": 290,
  "fields": {
    "name": "Alcachofa",
    "photo": null,
    "generalIngredient": null
  }
},
{
  "model": "webapp.ingredient",
  "pk": 291,
  "fields": {
    "name": "Leche en polvo",
    "photo": null,
    "generalIngredient": null
  }
},
{
  "model": "webapp.ingredient",
  "pk": 292,
  "fields": {
    "name": "Esencia de ron",
    "photo": null,
    "generalIngredient": null
  }
},
{
  "model": "webapp.ingredient",
  "pk": 293,
  "fields": {
    "name": "Az\u00facar Flor",
    "photo": null,
    "generalIngredient": null
  }
},
{
  "model": "webapp.ingredient",
  "pk": 294,
  "fields": {
    "name": "Carne molida (vacuno)",
    "photo": null,
    "generalIngredient": null
  }
},
{
  "model": "webapp.ingredient",
  "pk": 295,
  "fields": {
    "name": "Carne molida (pavo)",
    "photo": null,
    "generalIngredient": null
  }
},
{
  "model": "webapp.ingredient",
  "pk": 296,
  "fields": {
    "name": "Carne molida (cerdo)",
    "photo": null,
    "generalIngredient": null
  }
},
{
  "model": "webapp.ingredient",
  "pk": 297,
  "fields": {
    "name": "Avena",
    "photo": null,
    "generalIngredient": null
  }
},
{
  "model": "webapp.ingredient",
  "pk": 298,
  "fields": {
    "name": "Mate",
    "photo": null,
    "generalIngredient": null
  }
},
{
  "model": "webapp.ingredient",
  "pk": 299,
  "fields": {
    "name": "Esencia de pan de pascua",
    "photo": null,
    "generalIngredient": null
  }
},
{
  "model": "webapp.ingredient",
  "pk": 300,
  "fields": {
    "name": "Costilla de cerdo",
    "photo": null,
    "generalIngredient": null
  }
},
{
  "model": "webapp.ingredient",
  "pk": 301,
  "fields": {
    "name": "Chuleta de cerdo",
    "photo": null,
    "generalIngredient": null
  }
},
{
  "model": "webapp.ingredient",
  "pk": 302,
  "fields": {
    "name": "Pernil de cerdo",
    "photo": null,
    "generalIngredient": null
  }
},
{
  "model": "webapp.ingredient",
  "pk": 303,
  "fields": {
    "name": "Pulpa de cerdo",
    "photo": null,
    "generalIngredient": null
  }
},
{
  "model": "webapp.ingredient",
  "pk": 304,
  "fields": {
    "name": "Lomo vetado de cerdo",
    "photo": null,
    "generalIngredient": null
  }
},
{
  "model": "webapp.ingredient",
  "pk": 305,
  "fields": {
    "name": "Pat\u00e9",
    "photo": null,
    "generalIngredient": null
  }
},
{
  "model": "webapp.ingredient",
  "pk": 306,
  "fields": {
    "name": "Entra\u00f1a de cerdo",
    "photo": null,
    "generalIngredient": null
  }
},
{
  "model": "webapp.ingredient",
  "pk": 307,
  "fields": {
    "name": "Salchicha",
    "photo": null,
    "generalIngredient": null
  }
},
{
  "model": "webapp.ingredient",
  "pk": 308,
  "fields": {
    "name": "Lomo centro de cerdo",
    "photo": null,
    "generalIngredient": null
  }
},
{
  "model": "webapp.ingredient",
  "pk": 309,
  "fields": {
    "name": "Asiento de cerdo",
    "photo": null,
    "generalIngredient": null
  }
},
{
  "model": "webapp.ingredient",
  "pk": 310,
  "fields": {
    "name": "Plateada Lomo de cerdo",
    "photo": null,
    "generalIngredient": null
  }
},
{
  "model": "webapp.ingredient",
  "pk": 311,
  "fields": {
    "name": "Alb\u00f3ndiga",
    "photo": null,
    "generalIngredient": null
  }
},
{
  "model": "webapp.ingredient",
  "pk": 312,
  "fields": {
    "name": "Mora",
    "photo": null,
    "generalIngredient": null
  }
},
{
  "model": "webapp.ingredient",
  "pk": 313,
  "fields": {
    "name": "Mermelada de mora",
    "photo": null,
    "generalIngredient": null
  }
},
{
  "model": "webapp.ingredient",
  "pk": 314,
  "fields": {
    "name": "Mermelada de maracuy\u00e1",
    "photo": null,
    "generalIngredient": null
  }
},
{
  "model": "webapp.ingredient",
  "pk": 315,
  "fields": {
    "name": "Coco rallado",
    "photo": null,
    "generalIngredient": null
  }
},
{
  "model": "webapp.ingredient",
  "pk": 316,
  "fields": {
    "name": "Mermelada de cereza",
    "photo": null,
    "generalIngredient": null
  }
},
{
  "model": "webapp.ingredient",
  "pk": 317,
  "fields": {
    "name": "Palillo",
    "photo": null,
    "generalIngredient": null
  }
},
{
  "model": "webapp.ingredient",
  "pk": 318,
  "fields": {
    "name": "Tomillo",
    "photo": null,
    "generalIngredient": null
  }
},
{
  "model": "webapp.ingredient",
  "pk": 319,
  "fields": {
    "name": "Espinaca",
    "photo": null,
    "generalIngredient": null
  }
},
{
  "model": "webapp.ingredient",
  "pk": 320,
  "fields": {
    "name": "Alcaparras",
    "photo": null,
    "generalIngredient": null
  }
},
{
  "model": "webapp.ingredient",
  "pk": 321,
  "fields": {
    "name": "Merqu\u00e9n",
    "photo": null,
    "generalIngredient": null
  }
},
{
  "model": "webapp.ingredient",
  "pk": 322,
  "fields": {
    "name": "Chili Flakes",
    "photo": null,
    "generalIngredient": null
  }
},
{
  "model": "webapp.ingredient",
  "pk": 323,
  "fields": {
    "name": "Decoraci\u00f3n multicolor",
    "photo": null,
    "generalIngredient": null
  }
},
{
  "model": "webapp.ingredient",
  "pk": 324,
  "fields": {
    "name": "Azafr\u00e1n",
    "photo": null,
    "generalIngredient": null
  }
},
{
  "model": "webapp.ingredient",
  "pk": 325,
  "fields": {
    "name": "Aceite de trufa",
    "photo": null,
    "generalIngredient": null
  }
},
{
  "model": "webapp.ingredient",
  "pk": 326,
  "fields": {
    "name": "Romero",
    "photo": null,
    "generalIngredient": null
  }
},
{
  "model": "webapp.ingredient",
  "pk": 327,
  "fields": {
    "name": "Ablandador de carne",
    "photo": null,
    "generalIngredient": null
  }
},
{
  "model": "webapp.ingredient",
  "pk": 328,
  "fields": {
    "name": "Salsa inglesa",
    "photo": null,
    "generalIngredient": null
  }
},
{
  "model": "webapp.ingredient",
  "pk": 329,
  "fields": {
    "name": "Crema pastelera",
    "photo": null,
    "generalIngredient": null
  }
},
{
  "model": "webapp.ingredient",
  "pk": 330,
  "fields": {
    "name": "Esencia de naranja",
    "photo": null,
    "generalIngredient": null
  }
},
{
  "model": "webapp.ingredient",
  "pk": 331,
  "fields": {
    "name": "Salsa barbecue",
    "photo": null,
    "generalIngredient": null
  }
},
{
  "model": "webapp.ingredient",
  "pk": 332,
  "fields": {
    "name": "Salvia",
    "photo": null,
    "generalIngredient": null
  }
},
{
  "model": "webapp.ingredient",
  "pk": 333,
  "fields": {
    "name": "Paprika",
    "photo": null,
    "generalIngredient": null
  }
},
{
  "model": "webapp.ingredient",
  "pk": 334,
  "fields": {
    "name": "Clavos de olor",
    "photo": null,
    "generalIngredient": null
  }
},
{
  "model": "webapp.ingredient",
  "pk": 335,
  "fields": {
    "name": "Licor de an\u00eds",
    "photo": null,
    "generalIngredient": null
  }
},
{
  "model": "webapp.ingredient",
  "pk": 336,
  "fields": {
    "name": "Clara de huevo",
    "photo": null,
    "generalIngredient": null
  }
},
{
  "model": "webapp.ingredient",
  "pk": 337,
  "fields": {
    "name": "Yema de huevo",
    "photo": null,
    "generalIngredient": null
  }
},
{
  "model": "webapp.ingredient",
  "pk": 338,
  "fields": {
    "name": "An\u00eds",
    "photo": null,
    "generalIngredient": null
  }
},
{
  "model": "webapp.ingredient",
  "pk": 339,
  "fields": {
    "name": "Salsa de chocolate",
    "photo": null,
    "generalIngredient": null
  }
},
{
  "model": "webapp.ingredient",
  "pk": 340,
  "fields": {
    "name": "Anchoas",
    "photo": null,
    "generalIngredient": null
  }
},
{
  "model": "webapp.ingredient",
  "pk": 341,
  "fields": {
    "name": "Filete de anchoas",
    "photo": null,
    "generalIngredient": null
  }
},
{
  "model": "webapp.ingredient",
  "pk": 342,
  "fields": {
    "name": "Salsa de caramelo",
    "photo": null,
    "generalIngredient": null
  }
},
{
  "model": "webapp.ingredient",
  "pk": 343,
  "fields": {
    "name": "Salsa de frambuesa",
    "photo": null,
    "generalIngredient": null
  }
},
{
  "model": "webapp.ingredient",
  "pk": 344,
  "fields": {
    "name": "Salsa tabasco",
    "photo": null,
    "generalIngredient": null
  }
},
{
  "model": "webapp.ingredient",
  "pk": 345,
  "fields": {
    "name": "Salsa tamarindo",
    "photo": null,
    "generalIngredient": null
  }
},
{
  "model": "webapp.ingredient",
  "pk": 346,
  "fields": {
    "name": "Salsa teriyaki",
    "photo": null,
    "generalIngredient": null
  }
},
{
  "model": "webapp.ingredient",
  "pk": 347,
  "fields": {
    "name": "Salsa ranch",
    "photo": null,
    "generalIngredient": null
  }
},
{
  "model": "webapp.ingredient",
  "pk": 348,
  "fields": {
    "name": "Trufa",
    "photo": null,
    "generalIngredient": null
  }
},
{
  "model": "webapp.ingredient",
  "pk": 349,
  "fields": {
    "name": "Filete de tilapia",
    "photo": null,
    "generalIngredient": null
  }
},
{
  "model": "webapp.ingredient",
  "pk": 350,
  "fields": {
    "name": "Filete de pangasius",
    "photo": null,
    "generalIngredient": null
  }
},
{
  "model": "webapp.ingredient",
  "pk": 351,
  "fields": {
    "name": "Filete de pescado",
    "photo": null,
    "generalIngredient": null
  }
},
{
  "model": "webapp.ingredient",
  "pk": 352,
  "fields": {
    "name": "Lomos de jurel",
    "photo": null,
    "generalIngredient": null
  }
},
{
  "model": "webapp.ingredient",
  "pk": 353,
  "fields": {
    "name": "Kanikama",
    "photo": null,
    "generalIngredient": null
  }
},
{
  "model": "webapp.ingredient",
  "pk": 354,
  "fields": {
    "name": "Anillos de calamar",
    "photo": null,
    "generalIngredient": null
  }
},
{
  "model": "webapp.ingredient",
  "pk": 355,
  "fields": {
    "name": "Carne de jaiba",
    "photo": null,
    "generalIngredient": null
  }
},
{
  "model": "webapp.ingredient",
  "pk": 356,
  "fields": {
    "name": "Osti\u00f3n",
    "photo": null,
    "generalIngredient": null
  }
},
{
  "model": "webapp.ingredient",
  "pk": 357,
  "fields": {
    "name": "Calamar entero",
    "photo": null,
    "generalIngredient": null
  }
},
{
  "model": "webapp.ingredient",
  "pk": 358,
  "fields": {
    "name": "Pinzas de jaiba",
    "photo": null,
    "generalIngredient": null
  }
},
{
  "model": "webapp.ingredient",
  "pk": 359,
  "fields": {
    "name": "Piure",
    "photo": null,
    "generalIngredient": null
  }
},
{
  "model": "webapp.ingredient",
  "pk": 360,
  "fields": {
    "name": "Quesillo",
    "photo": null,
    "generalIngredient": null
  }
},
{
  "model": "webapp.ingredient",
  "pk": 361,
  "fields": {
    "name": "Queso mozzarella",
    "photo": null,
    "generalIngredient": null
  }
},
{
  "model": "webapp.ingredient",
  "pk": 362,
  "fields": {
    "name": "Queso gouda",
    "photo": null,
    "generalIngredient": null
  }
},
{
  "model": "webapp.ingredient",
  "pk": 363,
  "fields": {
    "name": "Queso ricotta",
    "photo": null,
    "generalIngredient": null
  }
},
{
  "model": "webapp.ingredient",
  "pk": 364,
  "fields": {
    "name": "Zapallo italiano",
    "photo": null,
    "generalIngredient": null
  }
},
{
  "model": "webapp.ingredient",
  "pk": 365,
  "fields": {
    "name": "Betarraga",
    "photo": null,
    "generalIngredient": null
  }
},
{
  "model": "webapp.ingredient",
  "pk": 366,
  "fields": {
    "name": "Esparrago",
    "photo": null,
    "generalIngredient": null
  }
},
{
  "model": "webapp.ingredient",
  "pk": 367,
  "fields": {
    "name": "Acelga",
    "photo": null,
    "generalIngredient": null
  }
},
{
  "model": "webapp.ingredient",
  "pk": 368,
  "fields": {
    "name": "Lechuga escarola",
    "photo": null,
    "generalIngredient": null
  }
},
{
  "model": "webapp.ingredient",
  "pk": 369,
  "fields": {
    "name": "Lechuga costina",
    "photo": null,
    "generalIngredient": null
  }
},
{
  "model": "webapp.ingredient",
  "pk": 370,
  "fields": {
    "name": "Lechuga espa\u00f1ola",
    "photo": null,
    "generalIngredient": null
  }
},
{
  "model": "webapp.ingredient",
  "pk": 371,
  "fields": {
    "name": "R\u00facula",
    "photo": null,
    "generalIngredient": null
  }
},
{
  "model": "webapp.ingredient",
  "pk": 372,
  "fields": {
    "name": "Tomate cherry",
    "photo": null,
    "generalIngredient": null
  }
},
{
  "model": "webapp.ingredient",
  "pk": 373,
  "fields": {
    "name": "Berenjena",
    "photo": null,
    "generalIngredient": null
  }
},
{
  "model": "webapp.ingredient",
  "pk": 374,
  "fields": {
    "name": "Puerro",
    "photo": null,
    "generalIngredient": null
  }
},
{
  "model": "webapp.ingredient",
  "pk": 375,
  "fields": {
    "name": "Rabano",
    "photo": null,
    "generalIngredient": null
  }
},
{
  "model": "webapp.ingredient",
  "pk": 376,
  "fields": {
    "name": "Camote",
    "photo": null,
    "generalIngredient": null
  }
},
{
  "model": "webapp.ingredient",
  "pk": 377,
  "fields": {
    "name": "Endibia",
    "photo": null,
    "generalIngredient": null
  }
},
{
  "model": "webapp.ingredient",
  "pk": 378,
  "fields": {
    "name": "Cochayuyo",
    "photo": null,
    "generalIngredient": null
  }
},
{
  "model": "webapp.ingredient",
  "pk": 379,
  "fields": {
    "name": "C\u00farcuma",
    "photo": null,
    "generalIngredient": null
  }
},
{
  "model": "webapp.ingredient",
  "pk": 380,
  "fields": {
    "name": "Salsa de frutilla",
    "photo": null,
    "generalIngredient": null
  }
},
{
  "model": "webapp.ingredient",
  "pk": 381,
  "fields": {
    "name": "Aloe vera",
    "photo": null,
    "generalIngredient": null
  }
},
{
  "model": "webapp.ingredient",
  "pk": 382,
  "fields": {
    "name": "Mostaza miel",
    "photo": null,
    "generalIngredient": null
  }
},
{
  "model": "webapp.ingredient",
  "pk": 383,
  "fields": {
    "name": "Crutones",
    "photo": null,
    "generalIngredient": null
  }
},
{
  "model": "webapp.ingredient",
  "pk": 384,
  "fields": {
    "name": "Semillas de zapallo",
    "photo": null,
    "generalIngredient": null
  }
},
{
  "model": "webapp.ingredient",
  "pk": 385,
  "fields": {
    "name": "Pistacho",
    "photo": null,
    "generalIngredient": null
  }
},
{
  "model": "webapp.ingredient",
  "pk": 386,
  "fields": {
    "name": "Casta\u00f1a",
    "photo": null,
    "generalIngredient": null
  }
},
{
  "model": "webapp.ingredient",
  "pk": 387,
  "fields": {
    "name": "Avellana",
    "photo": null,
    "generalIngredient": null
  }
},
{
  "model": "webapp.ingredient",
  "pk": 388,
  "fields": {
    "name": "Kiwi",
    "photo": null,
    "generalIngredient": null
  }
},
{
  "model": "webapp.ingredient",
  "pk": 389,
  "fields": {
    "name": "Tuna",
    "photo": null,
    "generalIngredient": null
  }
},
{
  "model": "webapp.ingredient",
  "pk": 390,
  "fields": {
    "name": "Hierba buena",
    "photo": null,
    "generalIngredient": null
  }
},
{
  "model": "webapp.ingredient",
  "pk": 391,
  "fields": {
    "name": "Lavanda",
    "photo": null,
    "generalIngredient": null
  }
},
{
  "model": "webapp.ingredient",
  "pk": 392,
  "fields": {
    "name": "Boldo",
    "photo": null,
    "generalIngredient": null
  }
},
{
  "model": "webapp.ingredient",
  "pk": 393,
  "fields": {
    "name": "Manzanilla",
    "photo": null,
    "generalIngredient": null
  }
},
{
  "model": "webapp.ingredient",
  "pk": 394,
  "fields": {
    "name": "Matico",
    "photo": null,
    "generalIngredient": null
  }
},
{
  "model": "webapp.ingredient",
  "pk": 395,
  "fields": {
    "name": "Pan",
    "photo": null,
    "generalIngredient": null
  }
},
{
  "model": "webapp.ingredient",
  "pk": 396,
  "fields": {
    "name": "Tortilla mexicana",
    "photo": null,
    "generalIngredient": null
  }
},
{
  "model": "webapp.ingredient",
  "pk": 397,
  "fields": {
    "name": "Pan de molde",
    "photo": null,
    "generalIngredient": null
  }
},
{
  "model": "webapp.ingredient",
  "pk": 398,
  "fields": {
    "name": "Pan de hamburguesa",
    "photo": null,
    "generalIngredient": null
  }
},
{
  "model": "webapp.ingredient",
  "pk": 399,
  "fields": {
    "name": "Pan de hot dog",
    "photo": null,
    "generalIngredient": null
  }
},
{
  "model": "webapp.ingredient",
  "pk": 400,
  "fields": {
    "name": "Nutella",
    "photo": null,
    "generalIngredient": null
  }
},
{
  "model": "webapp.ingredient",
  "pk": 401,
  "fields": {
    "name": "Pan pita",
    "photo": null,
    "generalIngredient": null
  }
},
{
  "model": "webapp.ingredient",
  "pk": 402,
  "fields": {
    "name": "Marraqueta",
    "photo": null,
    "generalIngredient": null
  }
},
{
  "model": "webapp.ingredient",
  "pk": 403,
  "fields": {
    "name": "Hallulla",
    "photo": null,
    "generalIngredient": null
  }
},
{
  "model": "webapp.ingredient",
  "pk": 404,
  "fields": {
    "name": "Ciabatta",
    "photo": null,
    "generalIngredient": null
  }
},
{
  "model": "webapp.ingredient",
  "pk": 405,
  "fields": {
    "name": "Dobladita",
    "photo": null,
    "generalIngredient": null
  }
},
{
  "model": "webapp.ingredient",
  "pk": 406,
  "fields": {
    "name": "Croissant",
    "photo": null,
    "generalIngredient": null
  }
},
{
  "model": "webapp.ingredient",
  "pk": 407,
  "fields": {
    "name": "Erizo de mar",
    "photo": null,
    "generalIngredient": null
  }
},
{
  "model": "webapp.ingredient",
  "pk": 408,
  "fields": {
    "name": "Salsa de ostra",
    "photo": null,
    "generalIngredient": null
  }
},
{
  "model": "webapp.ingredient",
  "pk": 409,
  "fields": {
    "name": "Salsa blanca",
    "photo": null,
    "generalIngredient": null
  }
},
{
  "model": "webapp.ingredient",
  "pk": 410,
  "fields": {
    "name": "Langosta",
    "photo": null,
    "generalIngredient": null
  }
},
{
  "model": "webapp.ingredient",
  "pk": 411,
  "fields": {
    "name": "Camar\u00f3n ecuatoriano",
    "photo": null,
    "generalIngredient": null
  }
},
{
  "model": "webapp.ingredient",
  "pk": 412,
  "fields": {
    "name": "Queso rallado",
    "photo": null,
    "generalIngredient": null
  }
},
{
  "model": "webapp.ingredient",
  "pk": 413,
  "fields": {
    "name": "Pechuga de pavo",
    "photo": null,
    "generalIngredient": null
  }
},
{
  "model": "webapp.ingredient",
  "pk": 414,
  "fields": {
    "name": "Nachos",
    "photo": null,
    "generalIngredient": null
  }
},
{
  "model": "webapp.ingredient",
  "pk": 415,
  "fields": {
    "name": "Uva",
    "photo": null,
    "generalIngredient": null
  }
},
{
  "model": "webapp.ingredient",
  "pk": 416,
  "fields": {
    "name": "Uva verde",
    "photo": null,
    "generalIngredient": null
  }
},
{
  "model": "webapp.ingredient",
  "pk": 417,
  "fields": {
    "name": "Coraz\u00f3n de alcachofa",
    "photo": null,
    "generalIngredient": null
  }
},
{
  "model": "webapp.ingredient",
  "pk": 418,
  "fields": {
    "name": "Mirin",
    "photo": null,
    "generalIngredient": null
  }
},
{
  "model": "webapp.ingredient",
  "pk": 419,
  "fields": {
    "name": "Nori",
    "photo": null,
    "generalIngredient": null
  }
},
{
  "model": "webapp.ingredient",
  "pk": 420,
  "fields": {
    "name": "Sake",
    "photo": null,
    "generalIngredient": null
  }
},
{
  "model": "webapp.ingredient",
  "pk": 421,
  "fields": {
    "name": "Leche entera",
    "photo": null,
    "generalIngredient": 6
  }
},
{
  "model": "webapp.ingredient",
  "pk": 422,
  "fields": {
    "name": "Leche descremada",
    "photo": null,
    "generalIngredient": 6
  }
},
{
  "model": "webapp.ingredient",
  "pk": 423,
  "fields": {
    "name": "Leche semidescremada",
    "photo": null,
    "generalIngredient": 6
  }
},
{
  "model": "webapp.ingredient",
  "pk": 424,
  "fields": {
    "name": "Pan hallulla",
    "photo": null,
    "generalIngredient": null
  }
},
{
  "model": "webapp.ingredient",
  "pk": 425,
  "fields": {
    "name": "Pan marraqueta",
    "photo": null,
    "generalIngredient": null
  }
},
{
  "model": "webapp.ingredient",
  "pk": 426,
  "fields": {
    "name": "Sopaipilla",
    "photo": null,
    "generalIngredient": null
  }
},
{
  "model": "webapp.ingredient",
  "pk": 427,
  "fields": {
    "name": "Pan franc\u00e9s",
    "photo": null,
    "generalIngredient": null
  }
},
{
  "model": "webapp.ingredient",
  "pk": 428,
  "fields": {
    "name": "Carne de vacuno",
    "photo": null,
    "generalIngredient": null
  }
},
{
  "model": "webapp.ingredient",
  "pk": 429,
  "fields": {
    "name": "Carne de cerdo",
    "photo": null,
    "generalIngredient": null
  }
},
{
  "model": "webapp.ingredient",
  "pk": 430,
  "fields": {
    "name": "Pan ciabatta",
    "photo": null,
    "generalIngredient": null
  }
},
{
  "model": "webapp.ingredient",
  "pk": 431,
  "fields": {
    "name": "Pan baguette",
    "photo": null,
    "generalIngredient": null
  }
},
{
  "model": "webapp.ingredient",
  "pk": 432,
  "fields": {
    "name": "Endulzante",
    "photo": null,
    "generalIngredient": null
  }
},
{
  "model": "webapp.category",
  "pk": 1,
  "fields": {
    "name": "Vacuno",
    "logo": null
  }
},
{
  "model": "webapp.category",
  "pk": 2,
  "fields": {
    "name": "Pescado",
    "logo": null
  }
},
{
  "model": "webapp.category",
  "pk": 3,
  "fields": {
    "name": "Cerdo",
    "logo": null
  }
},
{
  "model": "webapp.category",
  "pk": 4,
  "fields": {
    "name": "Pollo",
    "logo": null
  }
},
{
  "model": "webapp.category",
  "pk": 5,
  "fields": {
    "name": "Acompa\u00f1amiento",
    "logo": null
  }
},
{
  "model": "webapp.category",
  "pk": 6,
  "fields": {
    "name": "Ensalada",
    "logo": null
  }
},
{
  "model": "webapp.category",
  "pk": 7,
  "fields": {
    "name": "Legumbres",
    "logo": null
  }
},
{
  "model": "webapp.category",
  "pk": 8,
  "fields": {
    "name": "Pastas",
    "logo": null
  }
},
{
  "model": "webapp.category",
  "pk": 9,
  "fields": {
    "name": "Postre",
    "logo": null
  }
},
{
  "model": "webapp.category",
  "pk": 10,
  "fields": {
    "name": "Vegetariano",
    "logo": null
  }
},
{
  "model": "webapp.category",
  "pk": 11,
  "fields": {
    "name": "Desayuno",
    "logo": null
  }
},
{
  "model": "webapp.category",
  "pk": 12,
  "fields": {
    "name": "Snack",
    "logo": null
  }
},
{
  "model": "webapp.category",
  "pk": 13,
  "fields": {
    "name": "Salsa",
    "logo": null
  }
},
{
  "model": "webapp.category",
  "pk": 14,
  "fields": {
    "name": "Comida Peruana",
    "logo": null
  }
},
{
  "model": "webapp.category",
  "pk": 15,
  "fields": {
    "name": "Comida China",
    "logo": null
  }
},
{
  "model": "webapp.category",
  "pk": 16,
  "fields": {
    "name": "Comida Francesa",
    "logo": null
  }
},
{
  "model": "webapp.category",
  "pk": 17,
  "fields": {
    "name": "Comida Tailandesa",
    "logo": null
  }
},
{
  "model": "webapp.category",
  "pk": 18,
  "fields": {
    "name": "Comida Chilena",
    "logo": null
  }
},
{
  "model": "webapp.category",
  "pk": 19,
  "fields": {
    "name": "Comida Japonesa",
    "logo": null
  }
},
{
  "model": "webapp.category",
  "pk": 20,
  "fields": {
    "name": "Comida Coreana",
    "logo": null
  }
},
{
  "model": "webapp.category",
  "pk": 21,
  "fields": {
    "name": "Comida Italiana",
    "logo": null
  }
},
{
  "model": "webapp.category",
  "pk": 22,
  "fields": {
    "name": "Comida Estadounidense",
    "logo": null
  }
},
{
  "model": "webapp.category",
  "pk": 23,
  "fields": {
    "name": "Comida Chatarra",
    "logo": null
  }
},
{
  "model": "webapp.category",
  "pk": 24,
  "fields": {
    "name": "Comida Mexicana",
    "logo": null
  }
},
{
  "model": "webapp.category",
  "pk": 25,
  "fields": {
    "name": "Sandwich",
    "logo": null
  }
},
{
  "model": "webapp.category",
  "pk": 26,
  "fields": {
    "name": "Hamburguesa",
    "logo": null
  }
},
{
  "model": "webapp.category",
  "pk": 27,
  "fields": {
    "name": "Comida India",
    "logo": null
  }
},
{
  "model": "webapp.category",
  "pk": 28,
  "fields": {
    "name": "Sopa",
    "logo": null
  }
},
{
  "model": "webapp.category",
  "pk": 29,
  "fields": {
    "name": "Jugos y t\u00e9",
    "logo": null
  }
},
{
  "model": "webapp.category",
  "pk": 30,
  "fields": {
    "name": "Pizza",
    "logo": null
  }
},
{
  "model": "webapp.category",
  "pk": 31,
  "fields": {
    "name": "Cocktails",
    "logo": null
  }
},
{
  "model": "webapp.category",
  "pk": 32,
  "fields": {
    "name": "Helados",
    "logo": null
  }
},
{
  "model": "webapp.category",
  "pk": 33,
  "fields": {
    "name": "Vegano",
    "logo": null
  }
},
{
  "model": "webapp.recipe",
  "pk": 1,
  "fields": {
    "name": "Piscola",
    "description": "Chile lindo!!!!",
    "video_url": "MfAkyuu4cTo",
    "author": 2,
    "photo": "http://mouse.latercera.com/wp-content/uploads/2017/02/piscola-1.jpg",
    "category": [
      31,
      18
    ]
  }
},
{
  "model": "webapp.recipe",
  "pk": 2,
  "fields": {
    "name": "Pan con palta",
    "description": null,
    "video_url": null,
    "author": 1,
    "photo": null,
    "category": [
      18,
      25
    ]
  }
},
{
  "model": "webapp.recipe",
  "pk": 3,
  "fields": {
    "name": "Leche con Pl\u00e1tano",
    "description": null,
    "video_url": null,
    "author": 1,
    "photo": null,
    "category": [
      29
    ]
  }
},
{
  "model": "webapp.step",
  "pk": 1,
  "fields": {
    "text": "Saca un vaso y echale hielo",
    "optional": false,
    "photo": null,
    "recipe": 1,
    "order": 1
  }
},
{
  "model": "webapp.step",
  "pk": 2,
  "fields": {
    "text": "Pon pisco hasta que los hielos floten",
    "optional": false,
    "photo": null,
    "recipe": 1,
    "order": 2
  }
},
{
  "model": "webapp.step",
  "pk": 3,
  "fields": {
    "text": "Pon bebida hasta arriba",
    "optional": false,
    "photo": null,
    "recipe": 1,
    "order": 3
  }
},
{
  "model": "webapp.step",
  "pk": 4,
  "fields": {
    "text": "Echale un poco mas de pisco. Esto se llama sellar.",
    "optional": true,
    "photo": "http://mouse.latercera.com/wp-content/uploads/2017/02/piscola.jpg",
    "recipe": 1,
    "order": 4
  }
},
{
  "model": "webapp.step",
  "pk": 5,
  "fields": {
    "text": "Corta el pan por la mitad",
    "optional": false,
    "photo": null,
    "recipe": 2,
    "order": 1
  }
},
{
  "model": "webapp.step",
  "pk": 6,
  "fields": {
    "text": "Abre la palta cortandola por la mitad",
    "optional": false,
    "photo": null,
    "recipe": 2,
    "order": 2
  }
},
{
  "model": "webapp.step",
  "pk": 7,
  "fields": {
    "text": "Quita el cuesco de la palta",
    "optional": false,
    "photo": null,
    "recipe": 2,
    "order": 3
  }
},
{
  "model": "webapp.step",
  "pk": 8,
  "fields": {
    "text": "Pon todo el interior de la plata en un plato",
    "optional": false,
    "photo": null,
    "recipe": 2,
    "order": 4
  }
},
{
  "model": "webapp.step",
  "pk": 9,
  "fields": {
    "text": "Muele la palta con un tenedor",
    "optional": false,
    "photo": null,
    "recipe": 2,
    "order": 5
  }
},
{
  "model": "webapp.step",
  "pk": 10,
  "fields": {
    "text": "Echa la sal mientras mueles",
    "optional": false,
    "photo": null,
    "recipe": 2,
    "order": 6
  }
},
{
  "model": "webapp.step",
  "pk": 11,
  "fields": {
    "text": "Echa la palta al pan y disfruta!",
    "optional": false,
    "photo": null,
    "recipe": 2,
    "order": 7
  }
},
{
  "model": "webapp.step",
  "pk": 12,
  "fields": {
    "text": "Echa todo a la licuadora",
    "optional": false,
    "photo": null,
    "recipe": 3,
    "order": 1
  }
},
{
  "model": "webapp.step",
  "pk": 13,
  "fields": {
    "text": "Disfruta!",
    "optional": false,
    "photo": null,
    "recipe": 3,
    "order": 2
  }
},
{
  "model": "webapp.ingredientrequired",
  "pk": 1,
  "fields": {
    "recipe": 1,
    "ingredient": 191,
    "quantity": 3.0,
    "measure": "Unidades",
    "optional": false,
    "customMeasure": null
  }
},
{
  "model": "webapp.ingredientrequired",
  "pk": 2,
  "fields": {
    "recipe": 1,
    "ingredient": 64,
    "quantity": 1.0,
    "measure": "Partes",
    "optional": false,
    "customMeasure": null
  }
},
{
  "model": "webapp.ingredientrequired",
  "pk": 3,
  "fields": {
    "recipe": 1,
    "ingredient": 197,
    "quantity": 2.0,
    "measure": "Partes",
    "optional": false,
    "customMeasure": null
  }
},
{
  "model": "webapp.ingredientrequired",
  "pk": 4,
  "fields": {
    "recipe": 2,
    "ingredient": 81,
    "quantity": 0.5,
    "measure": "Unidades",
    "optional": false,
    "customMeasure": null
  }
},
{
  "model": "webapp.ingredientrequired",
  "pk": 5,
  "fields": {
    "recipe": 2,
    "ingredient": 395,
    "quantity": 2.0,
    "measure": "Unidades",
    "optional": false,
    "customMeasure": null
  }
},
{
  "model": "webapp.ingredientrequired",
  "pk": 6,
  "fields": {
    "recipe": 2,
    "ingredient": 1,
    "quantity": 1.0,
    "measure": "Cucharitas",
    "optional": false,
    "customMeasure": null
  }
},
{
  "model": "webapp.ingredientrequired",
  "pk": 7,
  "fields": {
    "recipe": 3,
    "ingredient": 6,
    "quantity": 1.0,
    "measure": "Tazas",
    "optional": false,
    "customMeasure": null
  }
},
{
  "model": "webapp.ingredientrequired",
  "pk": 8,
  "fields": {
    "recipe": 3,
    "ingredient": 254,
    "quantity": 1.0,
    "measure": "Unidades",
    "optional": false,
    "customMeasure": null
  }
},
{
  "model": "webapp.ingredientrequired",
  "pk": 9,
  "fields": {
    "recipe": 3,
    "ingredient": 2,
    "quantity": 2.0,
    "measure": "Cucharitas",
    "optional": false,
    "customMeasure": null
  }
},
{
  "model": "webapp.ingredientrequiredalternative",
  "pk": 1,
  "fields": {
    "originalIngredient": 3,
    "ingredient": 199,
    "quantity": 0.0,
    "measure": "Al gusto",
    "optional": false,
    "customMeasure": null
  }
},
{
  "model": "auth.user",
  "pk": 1,
  "fields": {
    "password": "pbkdf2_sha256$120000$TWRDdoGMCrgV$HgA4hVJGIbAb3UjQUjoou7Ftq+W9cq7vpFViSxrL46A=",
    "last_login": "2018-11-02T23:52:15.049Z",
    "is_superuser": true,
    "username": "borcho",
    "first_name": "",
    "last_name": "",
    "email": "borchers@live.com",
    "is_staff": true,
    "is_active": true,
    "date_joined": "2018-09-29T16:52:59.870Z",
    "groups": [],
    "user_permissions": []
  }
},
{
  "model": "sessions.session",
  "pk": "51v64tbg8v9zwf0btav5z8bksuoi2ljc",
  "fields": {
    "session_data": "MWM5MjdhYTI2N2ZjODYyNjgzZWYyMmExNjkxYjdmZjhkMmNmMTc2NTp7Il9hdXRoX3VzZXJfaWQiOiIxIiwiX2F1dGhfdXNlcl9iYWNrZW5kIjoiZGphbmdvLmNvbnRyaWIuYXV0aC5iYWNrZW5kcy5Nb2RlbEJhY2tlbmQiLCJfYXV0aF91c2VyX2hhc2giOiJiYmNjOTEzYWI0NGY1MzY3MjA2NzE2ZmM3NjhlNDcwMDIzOWZjMmRhIn0=",
    "expire_date": "2018-10-13T16:53:40.462Z"
  }
},
{
  "model": "sessions.session",
  "pk": "vqxw8f4cfz5l41bign2mwhcrhx8jhxk5",
  "fields": {
    "session_data": "MTAxNTI0NjgyYmZhOWY5ODY2OGM3MDZkZmIwMGNjY2VhZGUyZjQ1Zjp7Il9hdXRoX3VzZXJfaWQiOiIxIiwiX2F1dGhfdXNlcl9iYWNrZW5kIjoiZGphbmdvLmNvbnRyaWIuYXV0aC5iYWNrZW5kcy5Nb2RlbEJhY2tlbmQiLCJfYXV0aF91c2VyX2hhc2giOiJiNjJjNTY0OWRmMmE4Mjc0YmYyZTJiMmQ4OWViMDNiOTE4YzAyMWU5In0=",
    "expire_date": "2018-11-16T23:52:15.067Z"
  }
}
]
